{
    "name": "root",
    "metadata": {
        "timer_format_version": "0.1.0",
        "start_time_seconds": "1638286334",
        "python_version": "3.7.7 (tags/v3.7.7:d7c567b08f, Mar 10 2020, 10:41:24) [MSC v.1900 64 bit (AMD64)]",
        "command_line_arguments": "H:\\Python37\\Scripts\\mlagents-learn --force --run-id=Equilibrista1",
        "mlagents_version": "0.20.0",
        "mlagents_envs_version": "0.20.0",
        "communication_protocol_version": "1.1.0",
        "tensorflow_version": "2.7.0",
        "numpy_version": "1.18.5",
        "end_time_seconds": "1638286372"
    },
    "total": 38.0430024,
    "count": 1,
    "self": 0.021644299999998395,
    "children": {
        "run_training.setup": {
            "total": 0.020650899999999695,
            "count": 1,
            "self": 0.020650899999999695
        },
        "TrainerController.start_learning": {
            "total": 38.0007072,
            "count": 1,
            "self": 0.12355360000014315,
            "children": {
                "TrainerController._reset_env": {
                    "total": 16.6097739,
                    "count": 1,
                    "self": 16.6097739
                },
                "TrainerController.advance": {
                    "total": 20.962936999999865,
                    "count": 6514,
                    "self": 0.05351239999978219,
                    "children": {
                        "env_step": {
                            "total": 20.909424600000083,
                            "count": 6514,
                            "self": 19.06092680000021,
                            "children": {
                                "SubprocessEnvManager._take_step": {
                                    "total": 1.787398499999565,
                                    "count": 6514,
                                    "self": 0.08146709999989099,
                                    "children": {
                                        "TFPolicy.evaluate": {
                                            "total": 1.705931399999674,
                                            "count": 3257,
                                            "self": 1.705931399999674
                                        }
                                    }
                                },
                                "workers": {
                                    "total": 0.06109930000030772,
                                    "count": 6513,
                                    "self": 0.0,
                                    "children": {
                                        "worker_root": {
                                            "total": 21.906223299999965,
                                            "count": 6513,
                                            "is_parallel": true,
                                            "self": 7.88019629999982,
                                            "children": {
                                                "steps_from_proto": {
                                                    "total": 0.00020920000000046457,
                                                    "count": 1,
                                                    "is_parallel": true,
                                                    "self": 6.559999999922184e-05,
                                                    "children": {
                                                        "_process_vector_observation": {
                                                            "total": 0.00014360000000124273,
                                                            "count": 2,
                                                            "is_parallel": true,
                                                            "self": 0.00014360000000124273
                                                        }
                                                    }
                                                },
                                                "UnityEnvironment.step": {
                                                    "total": 14.025817800000144,
                                                    "count": 6513,
                                                    "is_parallel": true,
                                                    "self": 0.3613781999999581,
                                                    "children": {
                                                        "UnityEnvironment._generate_step_input": {
                                                            "total": 0.17785920000007138,
                                                            "count": 6513,
                                                            "is_parallel": true,
                                                            "self": 0.17785920000007138
                                                        },
                                                        "communicator.exchange": {
                                                            "total": 12.806391099999917,
                                                            "count": 6513,
                                                            "is_parallel": true,
                                                            "self": 12.806391099999917
                                                        },
                                                        "steps_from_proto": {
                                                            "total": 0.6801893000001975,
                                                            "count": 6513,
                                                            "is_parallel": true,
                                                            "self": 0.3057588000000635,
                                                            "children": {
                                                                "_process_vector_observation": {
                                                                    "total": 0.374430500000134,
                                                                    "count": 13026,
                                                                    "is_parallel": true,
                                                                    "self": 0.374430500000134
                                                                }
                                                            }
                                                        }
                                                    }
                                                }
                                            }
                                        }
                                    }
                                }
                            }
                        }
                    }
                },
                "trainer_threads": {
                    "total": 2.159999999662432e-05,
                    "count": 1,
                    "self": 2.159999999662432e-05,
                    "children": {
                        "thread_root": {
                            "total": 0.0,
                            "count": 0,
                            "is_parallel": true,
                            "self": 0.0,
                            "children": {
                                "trainer_advance": {
                                    "total": 21.042787599999926,
                                    "count": 3170,
                                    "is_parallel": true,
                                    "self": 0.08922459999986998,
                                    "children": {
                                        "process_trajectory": {
                                            "total": 20.953563000000056,
                                            "count": 3170,
                                            "is_parallel": true,